{
  "id": "whisper-dialog-v10",
  "title" : "Whisper Dialog (updated for Foundry v10+)",
  "description" : "Sends dialog to specificed connected user.",
  "authors" :  [
    { "name" : "kekilla#7036" },
    { "name" : "Kristian D" },
    { "name" : "Otimor" }
  ],
  "version" : "1.1.0",
  "compatibility" : {
    "minimum" : "10",
    "verified" : "10"
  },
  "esmodules" : [
    "scripts/hooks.js"
  ],
  "styles" : [
    "styles/WhisperDialog.css"
  ],
  "languages" : [
    {
      "lang" : "en",
      "name" : "English",
      "path" : "lang/en.json"
    },
    {
      "lang": "es",
      "name": "Spanish",
      "path": "lang/es.json"
    },
    {
      "lang" : "pl",
      "name" : "Polish",
      "path" : "lang/pl.json"
    }
  ],
  "socket" : true,
  "url" : "https://github.com/otimor/whisper-dialog-v10",
  "manifest" : "https://raw.githubusercontent.com/otimor/whisper-dialog-v10/master/module.json",
  "download" : "https://github.com/otimor/whisper-dialog-v10/raw/v1/downloads/whisperdialogv10.zip",
  "packs": []
}
